{
  "aws": {
    "us-east-2": [-82.434, 39.0437],
    "us-east-1": [-77.014, 38.917],
    "us-west-1": [-121.8914, 37.3387],
    "us-west-2": [-122.6765, 45.5231],
    "ca-central-1": [-79.3791, 43.6293],
    "eu-west-1": [-6.2597, 53.3478],
    "eu-central-1": [8.6821, 50.1109],
    "eu-west-2": [-0.118, 51.5098],
    "eu-west-3": [2.3522, 48.8566],
    "eu-north-1": [18.0686, 59.3293],
    "ap-northeast-1": [139.6917, 35.6895],
    "ap-northeast-2": [126.978, 37.5665],
    "ap-southeast-1": [103.8198, 1.3521],
    "ap-southeast-2": [151.2093, -33.8688],
    "ap-south-1": [72.8777, 19.076],
    "sa-east-1": [-46.6333, -23.5505],
    "af-south-1": [18.4233, -33.918861],
    "ap-east-1": [114.177216, 22.302711],
    "ap-northeast-3": [135.432526, 34.665394],
    "eu-south-1": [9.08468, 45.510139],
    "me-south-1": [50.606998, 26.201]
  },
  "do": {
    "nyc1": [-74.006, 40.7128],
    "nyc2": [-74.006, 40.7128],
    "nyc3": [-74.006, 40.7128],
    "ams2": [4.9041, 52.3676],
    "ams3": [4.9041, 52.3676],
    "sfo1": [-122.4971, 37.7622],
    "sfo2": [-122.4971, 37.7622],
    "sfo3": [-122.4971, 37.7622],
    "sgp1": [103.8785, 1.3666],
    "lon1": [-0.19636, 51.550766],
    "fra1": [8.661969, 50.128234],
    "tor1": [-79.454801, 43.702269],
    "blr1": [77.666656, 12.963935]
  }
}
